year.key,league.key,team.key,park.key,span.first,span.last,games,openings,attendance
1990,NL,ATL,ATL01,11/04/90,23/09/90,81,76,1009748
1990,AL,BAL,BAL11,19/04/90,03/10/90,80,79,2420997
1990,AL,BOS,BOS07,09/04/90,03/10/90,81,80,2512898
1990,AL,CAL,ANA01,09/04/90,30/09/90,81,81,2558640
1990,AL,CHA,CHI10,09/04/90,30/09/90,80,79,2002359
1990,NL,CHN,CHI11,10/04/90,24/09/90,81,77,2243394
1990,NL,CIN,CIN08,17/04/90,03/10/90,81,78,2407563
1990,AL,CLE,CLE07,19/04/90,03/10/90,81,75,1228031
1990,AL,DET,DET04,12/04/90,30/09/90,81,79,1470157
1990,NL,HOU,HOU02,09/04/90,30/09/90,81,81,1313560
1990,AL,KCA,KAN06,09/04/90,26/09/90,81,78,2244536
1990,NL,LAN,LOS03,09/04/90,03/10/90,81,81,3002950
1990,AL,ML4,MIL05,10/04/90,03/10/90,81,79,1775008
1990,AL,MIN,MIN03,20/04/90,03/10/90,81,80,1754348
1990,NL,MON,MON02,13/04/90,03/10/90,81,81,1421391
1990,AL,NYA,NYC16,12/04/90,03/10/90,81,80,2006436
1990,NL,NYN,NYC17,09/04/90,30/09/90,81,77,2733555
1990,AL,OAK,OAK01,09/04/90,03/10/90,81,80,2903203
1990,NL,PHI,PHI12,13/04/90,03/10/90,81,77,1992124
1990,NL,PIT,PIT07,13/04/90,03/10/90,81,78,2051806
1990,NL,SDN,SAN01,10/04/90,23/09/90,81,79,1894172
1990,AL,SEA,SEA02,13/04/90,23/09/90,81,81,1509714
1990,NL,SFN,SFO02,13/04/90,03/10/90,81,80,2001105
1990,NL,SLN,STL09,09/04/90,30/09/90,81,81,2573275
1990,AL,TEX,ARL01,09/04/90,30/09/90,82,81,2057917
1990,AL,TOR,TOR02,10/04/90,23/09/90,81,81,3884384
1991,NL,ATL,ATL01,10/04/91,06/10/91,81,78,2140217
1991,AL,BAL,BAL11,08/04/91,06/10/91,81,79,2551102
1991,AL,BOS,BOS07,11/04/91,06/10/91,81,81,2595356
1991,AL,CAL,ANA01,15/04/91,06/10/91,81,81,2416146
1991,AL,CHA,CHI12,18/04/91,03/10/91,81,81,2968154
1991,NL,CHN,CHI11,09/04/91,06/10/91,83,81,2311520
1991,NL,CIN,CIN08,08/04/91,02/10/91,81,80,2372377
1991,AL,CLE,CLE07,16/04/91,03/10/91,82,79,1051863
1991,AL,DET,DET04,08/04/91,30/09/91,81,80,1659472
1991,NL,HOU,HOU02,12/04/91,29/09/91,81,81,1196152
1991,AL,KCA,KAN06,08/04/91,02/10/91,81,80,2161527
1991,NL,LAN,LOS03,12/04/91,02/10/91,81,81,3346630
1991,AL,ML4,MIL05,15/04/91,30/09/91,80,79,1478814
1991,AL,MIN,MIN03,12/04/91,06/10/91,81,81,2293842
1991,NL,MON,MON02,15/04/91,08/09/91,68,67,978045
1991,AL,NYA,NYC16,15/04/91,06/10/91,81,78,1863729
1991,NL,NYN,NYC17,08/04/91,29/09/91,82,78,2263729
1991,AL,OAK,OAK01,09/04/91,29/09/91,81,81,2713193
1991,NL,PHI,PHI12,12/04/91,06/10/91,83,83,2049958
1991,NL,PIT,PIT07,08/04/91,06/10/91,84,83,2073028
1991,NL,SDN,SAN01,09/04/91,06/10/91,81,81,1803929
1991,AL,SEA,SEA02,09/04/91,06/10/91,81,81,2109966
1991,NL,SFN,SFO02,15/04/91,06/10/91,81,81,1737489
1991,NL,SLN,STL09,19/04/91,02/10/91,84,82,2449537
1991,AL,TEX,ARL01,08/04/91,06/10/91,81,79,2297718
1991,AL,TOR,TOR02,08/04/91,02/10/91,81,81,4001526
1992,NL,ATL,ATL01,09/04/92,04/10/92,81,80,3077400
1992,AL,BAL,BAL12,06/04/92,28/09/92,81,80,3569534
1992,AL,BOS,BOS07,13/04/92,04/10/92,81,78,2469489
1992,AL,CAL,ANA01,07/04/92,04/10/92,81,81,2065434
1992,AL,CHA,CHI12,13/04/92,27/09/92,82,81,2681156
1992,NL,CHN,CHI11,10/04/92,04/10/92,81,80,2126720
1992,NL,CIN,CIN08,06/04/92,04/10/92,81,80,2315946
1992,AL,CLE,CLE07,11/04/92,04/10/92,81,78,1224274
1992,AL,DET,DET04,06/04/92,30/09/92,80,78,1423963
1992,NL,HOU,HOU02,07/04/92,04/10/92,81,81,1211348
1992,AL,KCA,KAN06,13/04/92,04/10/92,81,79,1867689
1992,NL,LAN,LOS03,06/04/92,27/09/92,81,77,2473366
1992,AL,ML4,MIL05,06/04/92,27/09/92,81,79,1857351
1992,AL,MIN,MIN03,10/04/92,01/10/92,81,81,2482188
1992,NL,MON,MON02,13/04/92,27/09/92,81,80,1731566
1992,AL,NYA,NYC16,07/04/92,27/09/92,81,80,1748737
1992,NL,NYN,NYC17,10/04/92,04/10/92,81,76,1779534
1992,AL,OAK,OAK01,06/04/92,04/10/92,81,81,2494160
1992,NL,PHI,PHI12,07/04/92,27/09/92,81,78,1927448
1992,NL,PIT,PIT07,06/04/92,27/09/92,81,81,1834523
1992,NL,SDN,SAN01,09/04/92,27/09/92,81,81,1721406
1992,AL,SEA,SEA02,06/04/92,04/10/92,81,81,1651367
1992,NL,SFN,SFO02,14/04/92,27/09/92,81,79,1561218
1992,NL,SLN,STL09,06/04/92,04/10/92,81,80,2418483
1992,AL,TEX,ARL01,13/04/92,27/09/92,81,80,2198231
1992,AL,TOR,TOR02,10/04/92,04/10/92,81,81,4028318
1993,NL,ATL,ATL01,08/04/93,03/10/93,81,81,3879508
1993,AL,BAL,BAL12,05/04/93,03/10/93,81,80,3643768
1993,AL,BOS,BOS07,13/04/93,03/10/93,81,80,2422054
1993,AL,CAL,ANA01,06/04/93,23/09/93,81,81,2063049
1993,AL,CHA,CHI12,09/04/93,30/09/93,81,79,2581061
1993,NL,CHN,CHI11,05/04/93,22/09/93,82,80,2643428
1993,NL,CIN,CIN08,05/04/93,03/10/93,81,79,2454428
1993,AL,CLE,CLE07,05/04/93,03/10/93,81,80,2177908
1993,NL,COL,DEN01,09/04/93,26/09/93,81,79,4483203
1993,AL,DET,DET04,13/04/93,22/09/93,81,81,1971401
1993,NL,FLO,MIA01,05/04/93,03/10/93,81,80,3066756
1993,NL,HOU,HOU02,05/04/93,23/09/93,81,81,2081506
1993,AL,KCA,KAN06,05/04/93,29/09/93,81,80,1941889
1993,NL,LAN,LOS03,13/04/93,03/10/93,81,81,3164720
1993,AL,ML4,MIL05,12/04/93,29/09/93,81,78,1695077
1993,AL,MIN,MIN03,06/04/93,03/10/93,81,81,2054523
1993,NL,MON,MON02,13/04/93,03/10/93,81,81,1641438
1993,AL,NYA,NYC16,12/04/93,03/10/93,81,80,2416837
1993,NL,NYN,NYC17,05/04/93,30/09/93,81,79,1873115
1993,AL,OAK,OAK01,05/04/93,03/10/93,81,79,2029063
1993,NL,PHI,PHI12,09/04/93,26/09/93,81,80,3137512
1993,NL,PIT,PIT07,06/04/93,30/09/93,81,79,1652922
1993,NL,SDN,SAN01,12/04/93,03/10/93,81,80,1375432
1993,AL,SEA,SEA02,06/04/93,26/09/93,81,81,2052425
1993,NL,SFN,SFO02,12/04/93,29/09/93,81,81,2604635
1993,NL,SLN,STL09,06/04/93,03/10/93,81,81,2840533
1993,AL,TEX,ARL01,09/04/93,03/10/93,81,79,2252616
1993,AL,TOR,TOR02,09/04/93,26/09/93,81,81,4057747
1994,NL,ATL,ATL01,12/04/94,31/07/94,55,54,2534240
1994,AL,BAL,BAL12,04/04/94,31/07/94,55,54,2535359
1994,AL,BOS,BOS07,04/04/94,07/08/94,64,61,1775541
1994,AL,CAL,ANA01,11/04/94,10/08/94,63,63,1512622
1994,AL,CHA,CHI12,08/04/94,31/07/94,53,53,1697448
1994,NL,CHN,CHI11,04/04/94,10/08/94,59,58,1845278
1994,NL,CIN,CIN08,03/04/94,11/08/94,60,60,1897591
1994,AL,CLE,CLE08,04/04/94,04/08/94,51,51,1995474
1994,NL,COL,DEN01,04/04/94,11/08/94,57,56,3281464
1994,AL,DET,DET04,11/04/94,11/08/94,58,57,1184783
1994,NL,FLO,MIA01,12/04/94,11/08/94,59,59,1942377
1994,NL,HOU,HOU02,04/04/94,11/08/94,59,59,1560970
1994,AL,KCA,KAN06,08/04/94,07/08/94,59,57,1400581
1994,NL,LAN,LOS03,05/04/94,04/08/94,55,55,2280140
1994,AL,ML4,MIL05,05/04/94,07/08/94,56,56,1268398
1994,AL,MIN,MIN03,05/04/94,10/08/94,59,59,1398565
1994,NL,MON,MON02,08/04/94,04/08/94,52,52,1276250
1994,AL,NYA,NYC16,04/04/94,11/08/94,57,57,1681507
1994,NL,NYN,NYC17,11/04/94,07/08/94,53,52,1152161
1994,AL,OAK,OAK01,11/04/94,11/08/94,56,56,1240920
1994,NL,PHI,PHI12,11/04/94,11/08/94,60,58,2289963
1994,NL,PIT,PIT07,08/04/94,11/08/94,61,60,1222579
1994,NL,SDN,SAN01,04/04/94,31/07/94,57,57,953886
1994,AL,SEA,SEA02,11/04/94,18/07/94,44,44,1102288
1994,NL,SFN,SFO02,04/04/94,03/08/94,60,59,1704317
1994,NL,SLN,STL09,12/04/94,31/07/94,56,54,1839098
1994,AL,TEX,ARL02,11/04/94,10/08/94,63,62,2502662
1994,AL,TOR,TOR02,04/04/94,10/08/94,59,59,2907949
1995,NL,ATL,ATL01,26/04/95,24/09/95,72,72,2564492
1995,AL,BAL,BAL12,01/05/95,01/10/95,72,72,3101759
1995,AL,BOS,BOS07,26/04/95,27/09/95,72,72,2164401
1995,AL,CAL,ANA01,26/04/95,01/10/95,72,72,1748797
1995,AL,CHA,CHI12,27/04/95,01/10/95,72,71,1609775
1995,NL,CHN,CHI11,28/04/95,01/10/95,72,71,1917546
1995,NL,CIN,CIN08,26/04/95,20/09/95,72,71,1830015
1995,AL,CLE,CLE08,05/05/95,01/10/95,72,71,2842722
1995,NL,COL,DEN02,26/04/95,01/10/95,72,72,3402209
1995,AL,DET,DET04,02/05/95,21/09/95,72,71,1180979
1995,NL,FLO,MIA01,25/04/95,01/10/95,71,70,1697414
1995,NL,HOU,HOU02,28/04/95,27/09/95,72,71,1392683
1995,AL,KCA,KAN06,26/04/95,28/09/95,72,70,1237203
1995,NL,LAN,LOS03,28/04/95,27/09/95,72,72,2766628
1995,AL,ML4,MIL05,26/04/95,01/10/95,72,71,1088220
1995,AL,MIN,MIN03,27/04/95,28/09/95,72,72,1057668
1995,NL,MON,MON02,02/05/95,01/10/95,72,72,1308618
1995,AL,NYA,NYC16,26/04/95,24/09/95,73,70,1709199
1995,NL,NYN,NYC17,28/04/95,01/10/95,72,71,1273186
1995,AL,OAK,OAK01,05/05/95,20/09/95,72,71,1174441
1995,NL,PHI,PHI12,28/04/95,27/09/95,72,71,2048588
1995,NL,PIT,PIT07,26/04/95,20/09/95,72,70,911536
1995,NL,SDN,SAN01,26/04/95,01/10/95,72,71,1052995
1995,AL,SEA,SEA02,27/04/95,02/10/95,73,73,1640379
1995,NL,SFN,SFO02,28/04/95,27/09/95,72,72,1231591
1995,NL,SLN,STL09,26/04/95,01/10/95,72,72,1756061
1995,AL,TEX,ARL02,27/04/95,01/10/95,72,72,1985910
1995,AL,TOR,TOR02,26/04/95,01/10/95,72,72,2826445
1996,NL,ATL,ATL01,01/04/96,23/09/96,81,81,2898806
1996,AL,BAL,BAL12,02/04/96,23/09/96,82,81,3654764
1996,AL,BOS,BOS07,09/04/96,29/09/96,81,81,2315349
1996,AL,CAL,ANA01,02/04/96,25/09/96,81,81,1820183
1996,AL,CHA,CHI12,09/04/96,25/09/96,81,79,1666025
1996,NL,CHN,CHI11,01/04/96,29/09/96,81,78,2219110
1996,NL,CIN,CIN08,02/04/96,26/09/96,81,76,1871459
1996,AL,CLE,CLE08,02/04/96,25/09/96,80,79,3320078
1996,NL,COL,DEN02,08/04/96,29/09/96,81,81,3906328
1996,AL,DET,DET04,09/04/96,29/09/96,81,81,1168610
1996,NL,FLO,MIA01,01/04/96,26/09/96,81,80,1753706
1996,NL,HOU,HOU02,01/04/96,29/09/96,81,81,1977715
1996,AL,KCA,KAN06,05/04/96,29/09/96,80,80,1436006
1996,NL,LAN,LOS03,08/04/96,29/09/96,81,81,3188454
1996,AL,ML4,MIL05,09/04/96,22/09/96,81,78,1327150
1996,AL,MIN,MIN03,01/04/96,29/09/96,82,80,1437446
1996,NL,MON,MON02,05/04/96,29/09/96,81,81,1618571
1996,AL,NYA,NYC16,09/04/96,25/09/96,80,78,2255051
1996,NL,NYN,NYC17,01/04/96,29/09/96,81,78,1582648
1996,AL,OAK,LAS01,01/04/96,07/04/96,6,6,54986
1996,AL,OAK,OAK01,19/04/96,29/09/96,75,74,1132362
1996,NL,PHI,PHI12,02/04/96,26/09/96,81,78,1796354
1996,NL,PIT,PIT07,08/04/96,25/09/96,80,78,1322079
1996,NL,SDN,MNT01,16/08/96,18/08/96,3,3,67382
1996,NL,SDN,SAN01,08/04/96,25/09/96,78,78,2140536
1996,AL,SEA,SEA02,31/03/96,22/09/96,81,81,2721073
1996,NL,SFN,SFO02,12/04/96,22/09/96,82,80,1418722
1996,NL,SLN,STL09,08/04/96,29/09/96,81,81,2645824
1996,AL,TEX,ARL02,01/04/96,29/09/96,81,80,2889040
1996,AL,TOR,TOR02,09/04/96,29/09/96,81,81,2559910
1997,AL,ANA,ANA01,02/04/97,28/09/97,82,81,1774702
1997,NL,ATL,ATL02,04/04/97,22/09/97,81,81,3447608
1997,AL,BAL,BAL12,02/04/97,22/09/97,81,80,3692388
1997,AL,BOS,BOS07,11/04/97,21/09/97,81,80,2223602
1997,AL,CHA,CHI12,04/04/97,28/09/97,81,78,1865052
1997,NL,CHN,CHI11,08/04/97,21/09/97,81,79,2189948
1997,NL,CIN,CIN08,01/04/97,22/09/97,81,80,1790058
1997,AL,CLE,CLE08,11/04/97,28/09/97,81,80,3394750
1997,NL,COL,DEN02,07/04/97,28/09/97,81,81,3893433
1997,AL,DET,DET04,07/04/97,28/09/97,81,79,1395413
1997,NL,FLO,MIA01,01/04/97,22/09/97,81,80,2352567
1997,NL,HOU,HOU02,01/04/97,28/09/97,81,81,2046275
1997,AL,KCA,KAN06,07/04/97,21/09/97,80,77,1526638
1997,NL,LAN,LOS03,01/04/97,24/09/97,81,81,3319320
1997,AL,ML4,MIL05,07/04/97,28/09/97,80,78,1450029
1997,AL,MIN,MIN03,01/04/97,22/09/97,81,81,1413064
1997,NL,MON,MON02,01/04/97,28/09/97,81,81,1507166
1997,AL,NYA,NYC16,11/04/97,22/09/97,80,78,2581043
1997,NL,NYN,NYC17,13/04/97,28/09/97,81,78,1775201
1997,AL,OAK,OAK01,02/04/97,24/09/97,81,79,1260565
1997,NL,PHI,PHI12,11/04/97,28/09/97,81,77,1490542
1997,NL,PIT,PIT07,11/04/97,22/09/97,81,80,1694633
1997,NL,SDN,HON01,19/04/97,20/04/97,3,2,77432
1997,NL,SDN,SAN01,01/04/97,22/09/97,78,78,2011901
1997,AL,SEA,SEA02,01/04/97,28/09/97,81,81,3197054
1997,NL,SFN,SFO02,01/04/97,28/09/97,81,80,1696583
1997,NL,SLN,STL09,08/04/97,28/09/97,81,81,2654568
1997,AL,TEX,ARL02,01/04/97,21/09/97,81,80,2923590
1997,AL,TOR,TOR02,01/04/97,28/09/97,81,81,2589317
1998,AL,ANA,ANA01,01/04/98,23/09/98,81,81,2519280
1998,NL,ARI,PHO01,31/03/98,27/09/98,81,81,3604237
1998,NL,ATL,ATL02,31/03/98,27/09/98,81,81,3361350
1998,AL,BAL,BAL12,31/03/98,20/09/98,81,81,3684560
1998,AL,BOS,BOS07,10/04/98,27/09/98,81,80,2343930
1998,AL,CHA,CHI12,06/04/98,20/09/98,82,79,1391146
1998,NL,CHN,CHI11,03/04/98,28/09/98,82,80,2623000
1998,NL,CIN,CIN08,31/03/98,27/09/98,81,81,1793676
1998,AL,CLE,CLE08,10/04/98,20/09/98,81,81,3467299
1998,NL,COL,DEN02,07/04/98,27/09/98,81,81,3791276
1998,AL,DET,DET04,07/04/98,20/09/98,81,79,1409391
1998,NL,FLO,MIA01,31/03/98,27/09/98,81,79,1750395
1998,NL,HOU,HOU02,31/03/98,27/09/98,81,80,2450451
1998,AL,KCA,KAN06,07/04/98,27/09/98,80,79,1494875
1998,NL,LAN,LOS03,07/04/98,27/09/98,81,81,3089222
1998,NL,MIL,MIL05,07/04/98,23/09/98,81,79,1811548
1998,AL,MIN,MIN03,03/04/98,27/09/98,81,81,1165980
1998,NL,MON,MON02,01/04/98,16/09/98,81,81,914909
1998,AL,NYA,NYC16,10/04/98,27/09/98,80,79,2908991
1998,AL,NYA,NYC17,15/04/98,15/04/98,1,1,40743
1998,NL,NYN,NYC17,31/03/98,23/09/98,81,77,2287942
1998,AL,OAK,OAK01,01/04/98,27/09/98,81,79,1232363
1998,NL,PHI,PHI12,07/04/98,20/09/98,81,79,1715702
1998,NL,PIT,PIT07,07/04/98,20/09/98,81,80,1560950
1998,NL,SDN,SAN01,07/04/98,20/09/98,81,79,2555964
1998,AL,SEA,SEA02,31/03/98,27/09/98,81,81,2651511
1998,NL,SFN,SFO02,07/04/98,24/09/98,81,80,1925634
1998,NL,SLN,STL09,31/03/98,27/09/98,82,80,3195651
1998,AL,TBA,STP01,31/03/98,20/09/98,81,81,2506023
1998,AL,TEX,ARL02,31/03/98,20/09/98,81,81,2927409
1998,AL,TOR,TOR02,01/04/98,27/09/98,81,81,2454303
1999,AL,ANA,ANA01,06/04/99,03/10/99,81,81,2253040
1999,NL,ARI,PHO01,12/04/99,03/10/99,81,81,3015948
1999,NL,ATL,ATL02,05/04/99,03/10/99,81,81,3284901
1999,AL,BAL,BAL12,05/04/99,03/10/99,81,80,3432099
1999,AL,BOS,BOS07,13/04/99,27/09/99,81,81,2446277
1999,AL,CHA,CHI12,09/04/99,03/10/99,81,76,1338851
1999,NL,CHN,CHI11,12/04/99,26/09/99,81,78,2813854
1999,NL,CIN,CIN08,05/04/99,04/10/99,82,82,2061324
1999,AL,CLE,CLE08,12/04/99,03/10/99,81,81,3468436
1999,NL,COL,DEN02,12/04/99,03/10/99,81,81,3481065
1999,AL,DET,DET04,12/04/99,27/09/99,81,81,2026491
1999,NL,FLO,MIA01,05/04/99,26/09/99,80,78,1369420
1999,NL,HOU,HOU02,06/04/99,03/10/99,82,81,2706017
1999,AL,KCA,KAN06,05/04/99,02/10/99,80,78,1501292
1999,NL,LAN,LOS03,05/04/99,26/09/99,81,81,3098990
1999,NL,MIL,MIL05,16/04/99,03/10/99,80,78,1701790
1999,AL,MIN,MIN03,06/04/99,30/09/99,81,81,1202829
1999,NL,MON,MON02,08/04/99,29/09/99,81,81,772737
1999,AL,NYA,NYC16,09/04/99,27/09/99,81,81,3293259
1999,NL,NYN,NYC17,12/04/99,03/10/99,81,79,2726008
1999,AL,OAK,OAK01,05/04/99,03/10/99,81,81,1434632
1999,NL,PHI,PHI12,12/04/99,03/10/99,81,80,1825337
1999,NL,PIT,PIT07,05/04/99,22/09/99,81,80,1638023
1999,NL,SDN,MNT01,04/04/99,04/04/99,1,1,27104
1999,NL,SDN,SAN01,06/04/99,22/09/99,80,80,2496434
1999,AL,SEA,SEA02,05/04/99,27/06/99,39,39,1099404
1999,AL,SEA,SEA03,15/07/99,26/09/99,42,42,1816504
1999,NL,SFN,SFO02,08/04/99,30/09/99,81,81,2078365
1999,NL,SLN,STL09,05/04/99,03/10/99,80,79,3235833
1999,AL,TBA,STP01,09/04/99,03/10/99,81,81,1749657
1999,AL,TEX,ARL02,05/04/99,30/09/99,81,80,2774501
1999,AL,TOR,TOR02,12/04/99,26/09/99,81,81,2163486
2000,AL,ANA,ANA01,03/04/00,01/10/00,81,81,2066982
2000,NL,ARI,PHO01,04/04/00,01/10/00,81,81,2942251
2000,NL,ATL,ATL02,03/04/00,01/10/00,81,81,3234304
2000,AL,BAL,BAL12,03/04/00,01/10/00,81,81,3297031
2000,AL,BOS,BOS07,11/04/00,24/09/00,81,81,2585895
2000,AL,CHA,CHI12,14/04/00,01/10/00,81,81,1971446
2000,NL,CHN,CHI11,10/04/00,28/09/00,80,79,2734511
2000,NL,CHN,TOK01,30/03/00,30/03/00,1,1,55000
2000,NL,CIN,CIN08,03/04/00,24/09/00,82,82,2594132
2000,AL,CLE,CLE08,14/04/00,01/10/00,81,81,3456278
2000,NL,COL,DEN02,10/04/00,28/09/00,81,81,3295129
2000,AL,DET,DET05,11/04/00,01/10/00,81,81,2533753
2000,NL,FLO,MIA01,03/04/00,01/10/00,81,80,1218326
2000,NL,HOU,HOU03,07/04/00,01/10/00,81,81,3056139
2000,AL,KCA,KAN06,07/04/00,28/09/00,81,81,1677915
2000,NL,LAN,LOS03,14/04/00,28/09/00,81,81,3011539
2000,NL,MIL,MIL05,10/04/00,28/09/00,81,79,1573621
2000,AL,MIN,MIN03,03/04/00,24/09/00,81,81,1059415
2000,NL,MON,MON02,03/04/00,25/09/00,81,81,926272
2000,AL,NYA,NYC16,12/04/00,25/09/00,80,80,3227657
2000,NL,NYN,NYC17,03/04/00,01/10/00,80,77,2765530
2000,NL,NYN,TOK01,29/03/00,29/03/00,1,1,55000
2000,AL,OAK,OAK01,03/04/00,01/10/00,81,81,1728885
2000,NL,PHI,PHI12,10/04/00,24/09/00,81,80,1612769
2000,NL,PIT,PIT07,04/04/00,01/10/00,81,79,1748908
2000,NL,SDN,SAN01,10/04/00,01/10/00,81,81,2423142
2000,AL,SEA,SEA03,04/04/00,28/09/00,81,81,3148317
2000,NL,SFN,SFO03,11/04/00,24/09/00,81,81,3315330
2000,NL,SLN,STL09,03/04/00,01/10/00,81,81,3336493
2000,AL,TBA,STP01,07/04/00,01/10/00,80,80,1549592
2000,AL,TEX,ARL02,03/04/00,24/09/00,81,80,2800075
2000,AL,TOR,TOR02,03/04/00,25/09/00,81,81,1819919
2001,AL,ANA,ANA01,10/04/01,07/10/01,81,81,1998319
2001,NL,ARI,PHO01,06/04/01,04/10/01,81,81,2735821
2001,NL,ATL,ATL02,03/04/01,07/10/01,81,81,2823494
2001,AL,BAL,BAL12,02/04/01,06/10/01,80,80,3094841
2001,AL,BOS,BOS07,06/04/01,27/09/01,81,81,2625333
2001,AL,CHA,CHI12,06/04/01,27/09/01,81,80,1766172
2001,NL,CHN,CHI11,02/04/01,07/10/01,81,79,2779465
2001,NL,CIN,CIN08,02/04/01,07/10/01,81,79,1879757
2001,AL,CLE,CLE08,02/04/01,30/09/01,80,80,3182523
2001,NL,COL,DEN02,02/04/01,30/09/01,81,81,3168579
2001,AL,DET,DET05,03/04/01,07/10/01,81,80,1920995
2001,NL,FLO,MIA01,02/04/01,04/10/01,80,80,1261216
2001,NL,HOU,HOU03,03/04/01,04/10/01,81,81,2906277
2001,AL,KCA,KAN06,06/04/01,04/10/01,81,81,1536101
2001,NL,LAN,LOS03,02/04/01,26/09/01,81,81,3017143
2001,NL,MIL,MIL06,06/04/01,07/10/01,81,81,2811040
2001,AL,MIN,MIN03,09/04/01,07/10/01,81,80,1782926
2001,NL,MON,MON02,06/04/01,27/09/01,81,81,642743
2001,AL,NYA,NYC16,02/04/01,03/10/01,80,80,3264847
2001,NL,NYN,NYC17,09/04/01,07/10/01,81,81,2658330
2001,AL,OAK,OAK01,06/04/01,03/10/01,81,81,2133477
2001,NL,PHI,PHI12,06/04/01,27/09/01,81,78,1792054
2001,NL,PIT,PIT08,09/04/01,26/09/01,81,79,2435868
2001,NL,SDN,SAN01,10/04/01,07/10/01,81,80,2378148
2001,AL,SEA,SEA03,02/04/01,07/10/01,81,81,3512326
2001,NL,SFN,SFO03,02/04/01,07/10/01,81,81,3311000
2001,NL,SLN,STL09,09/04/01,07/10/01,82,81,3109578
2001,AL,TBA,STP01,03/04/01,07/10/01,81,81,1298075
2001,AL,TEX,ARL02,03/04/01,26/09/01,82,81,2831111
2001,AL,TOR,SJU01,01/04/01,01/04/01,1,1,19891
2001,AL,TOR,TOR02,09/04/01,07/10/01,81,80,1895236
2002,AL,ANA,ANA01,31/03/02,29/09/02,81,81,2305467
2002,NL,ARI,PHO01,01/04/02,29/09/02,81,81,3198975
2002,NL,ATL,ATL02,01/04/02,22/09/02,81,81,2603484
2002,AL,BAL,BAL12,01/04/02,29/09/02,81,81,2681439
2002,AL,BOS,BOS07,01/04/02,29/09/02,81,81,2650859
2002,AL,CHA,CHI12,12/04/02,26/09/02,81,81,1675591
2002,NL,CHN,CHI11,05/04/02,29/09/02,81,78,2694946
2002,NL,CIN,CIN08,01/04/02,22/09/02,81,80,1855775
2002,AL,CLE,CLE08,08/04/02,29/09/02,81,81,2621940
2002,NL,COL,DEN02,08/04/02,22/09/02,81,81,2740614
2002,AL,DET,DET05,05/04/02,22/09/02,80,80,1503353
2002,NL,FLO,MIA01,08/04/02,29/09/02,81,81,813127
2002,NL,HOU,HOU03,02/04/02,25/09/02,81,81,2512357
2002,AL,KCA,KAN06,01/04/02,26/09/02,81,77,1323036
2002,NL,LAN,LOS03,02/04/02,29/09/02,81,81,3131255
2002,NL,MIL,MIL06,05/04/02,22/09/02,81,81,1969153
2002,AL,MIN,MIN03,12/04/02,29/09/02,81,81,1924354
2002,NL,MON,MON02,02/04/02,29/09/02,81,81,812537
2002,AL,NYA,NYC16,05/04/02,25/09/02,80,80,3465807
2002,NL,NYN,NYC17,01/04/02,29/09/02,81,78,2804838
2002,AL,OAK,OAK01,01/04/02,22/09/02,81,81,2169816
2002,NL,PHI,PHI12,05/04/02,25/09/02,80,79,1618467
2002,NL,PIT,PIT08,08/04/02,25/09/02,80,79,1784970
2002,NL,SDN,SAN01,08/04/02,22/09/02,81,81,2221230
2002,AL,SEA,SEA03,01/04/02,26/09/02,81,81,3539938
2002,NL,SFN,SFO03,05/04/02,29/09/02,81,81,3253203
2002,NL,SLN,STL09,01/04/02,29/09/02,81,81,3011756
2002,AL,TBA,STP01,02/04/02,22/09/02,81,81,1065742
2002,AL,TEX,ARL02,05/04/02,29/09/02,81,80,2352397
2002,AL,TOR,TOR02,04/04/02,29/09/02,81,81,1638170
2003,AL,ANA,ANA01,30/03/03,28/09/03,82,81,3061094
2003,NL,ARI,PHO01,31/03/03,28/09/03,81,81,2805542
2003,NL,ATL,ATL02,31/03/03,24/09/03,81,79,2401084
2003,AL,BAL,BAL12,31/03/03,21/09/03,81,81,2454523
2003,AL,BOS,BOS07,12/04/03,25/09/03,81,81,2724165
2003,AL,CHA,CHI12,04/04/03,24/09/03,81,81,1939594
2003,NL,CHN,CHI11,08/04/03,28/09/03,81,80,2962630
2003,NL,CIN,CIN09,31/03/03,28/09/03,81,81,2355259
2003,AL,CLE,CLE08,08/04/03,21/09/03,81,81,1727001
2003,NL,COL,DEN02,04/04/03,25/09/03,81,81,2334175
2003,AL,DET,DET05,31/03/03,28/09/03,81,80,1368245
2003,NL,FLO,MIA01,31/03/03,28/09/03,81,80,1303214
2003,NL,HOU,HOU03,01/04/03,28/09/03,81,81,2455241
2003,AL,KCA,KAN06,31/03/03,28/09/03,80,78,1779895
2003,NL,LAN,LOS03,07/04/03,21/09/03,81,81,3138696
2003,NL,MIL,MIL06,04/04/03,24/09/03,81,81,1700354
2003,AL,MIN,MIN03,04/04/03,24/09/03,81,81,1946011
2003,NL,MON,MON02,22/04/03,17/09/03,59,59,712757
2003,NL,MON,SJU01,11/04/03,11/09/03,22,22,312882
2003,AL,NYA,NYC16,08/04/03,28/09/03,82,81,3460600
2003,NL,NYN,NYC17,31/03/03,25/09/03,80,77,2168832
2003,AL,OAK,OAK01,01/04/03,24/09/03,81,81,2216596
2003,NL,PHI,PHI12,04/04/03,28/09/03,81,78,2259948
2003,NL,PIT,PIT08,08/04/03,21/09/03,81,78,1636751
2003,NL,SDN,SAN01,31/03/03,28/09/03,81,81,2030084
2003,AL,SEA,SEA03,08/04/03,28/09/03,81,81,3267509
2003,NL,SFN,SFO03,07/04/03,28/09/03,81,81,3264898
2003,NL,SLN,STL09,31/03/03,21/09/03,81,81,2910386
2003,AL,TBA,STP01,31/03/03,28/09/03,81,81,1058695
2003,AL,TEX,ARL02,04/04/03,21/09/03,81,81,2094394
2003,AL,TOR,TOR02,31/03/03,28/09/03,81,81,1799818
2004,AL,ANA,ANA01,13/04/04,26/09/04,81,81,3375677
2004,NL,ARI,PHO01,06/04/04,03/10/04,81,81,2519560
2004,NL,ATL,ATL02,06/04/04,29/09/04,81,79,2322565
2004,AL,BAL,BAL12,04/04/04,03/10/04,81,80,2744013
2004,AL,BOS,BOS07,09/04/04,26/09/04,81,81,2837304
2004,AL,CHA,CHI12,13/04/04,26/09/04,81,79,1930537
2004,NL,CHN,CHI11,12/04/04,03/10/04,82,81,3170154
2004,NL,CIN,CIN09,05/04/04,03/10/04,81,81,2287250
2004,AL,CLE,CLE08,12/04/04,26/09/04,81,81,1814401
2004,NL,COL,DEN02,12/04/04,26/09/04,81,79,2338069
2004,AL,DET,DET05,08/04/04,03/10/04,81,80,1917004
2004,NL,FLO,CHI12,13/09/04,14/09/04,2,2,9460
2004,NL,FLO,MIA01,06/04/04,23/09/04,78,76,1713645
2004,NL,HOU,HOU03,05/04/04,03/10/04,81,81,3087872
2004,AL,KCA,KAN06,05/04/04,03/10/04,80,79,1661478
2004,NL,LAN,LOS03,05/04/04,03/10/04,81,81,3488283
2004,NL,MIL,MIL06,09/04/04,26/09/04,81,81,2062382
2004,AL,MIN,MIN03,05/04/04,03/10/04,81,81,1911490
2004,NL,MON,MON02,23/04/04,29/09/04,59,59,531545
2004,NL,MON,SJU01,09/04/04,11/07/04,21,21,217005
2004,AL,NYA,NYC16,08/04/04,30/09/04,81,79,3775292
2004,NL,NYN,NYC17,12/04/04,03/10/04,81,80,2318321
2004,AL,OAK,OAK01,05/04/04,03/10/04,81,81,2201516
2004,NL,PHI,PHI13,12/04/04,03/10/04,81,80,3250092
2004,NL,PIT,PIT08,05/04/04,26/09/04,80,75,1583031
2004,NL,SDN,SAN02,08/04/04,30/09/04,81,81,3016752
2004,AL,SEA,SEA03,06/04/04,03/10/04,82,81,2940731
2004,NL,SFN,SFO03,12/04/04,26/09/04,82,81,3256854
2004,NL,SLN,STL09,05/04/04,03/10/04,81,81,3048427
2004,AL,TBA,STP01,06/04/04,30/09/04,78,77,1164911
2004,AL,TBA,TOK01,30/03/04,31/03/04,2,2,110000
2004,AL,TEX,ARL02,09/04/04,30/09/04,81,79,2513685
2004,AL,TOR,TOR02,05/04/04,03/10/04,81,81,1900041
2005,AL,LAA,ANA01,05/04/05,25/09/05,81,81,3404636
2005,NL,ARI,PHO01,04/04/05,25/09/05,81,81,2059331
2005,NL,ATL,ATL02,08/04/05,28/09/05,81,80,2521534
2005,AL,BAL,BAL12,04/04/05,29/09/05,81,81,2624804
2005,AL,BOS,BOS07,11/04/05,02/10/05,81,81,2847798
2005,AL,CHA,CHI12,04/04/05,25/09/05,81,81,2342834
2005,NL,CHN,CHI11,08/04/05,28/09/05,81,80,3100092
2005,NL,CIN,CIN09,04/04/05,25/09/05,82,81,1943166
2005,AL,CLE,CLE08,11/04/05,02/10/05,81,81,2014220
2005,NL,COL,DEN02,04/04/05,25/09/05,81,80,1914389
2005,AL,DET,DET05,04/04/05,29/09/05,81,80,2024505
2005,NL,FLO,MIA01,05/04/05,02/10/05,81,81,1852602
2005,NL,HOU,HOU03,05/04/05,02/10/05,81,81,2804760
2005,AL,KCA,KAN06,11/04/05,25/09/05,81,79,1371181
2005,NL,LAN,LOS03,12/04/05,29/09/05,81,81,3603680
2005,NL,MIL,MIL06,11/04/05,29/09/05,81,81,2211023
2005,AL,MIN,MIN03,08/04/05,02/10/05,81,81,2034243
2005,AL,NYA,NYC16,03/04/05,25/09/05,81,81,4090440
2005,NL,NYN,NYC17,11/04/05,02/10/05,81,80,2829930
2005,AL,OAK,OAK01,11/04/05,29/09/05,81,81,2108818
2005,NL,PHI,PHI13,04/04/05,28/09/05,81,80,2665291
2005,NL,PIT,PIT08,04/04/05,02/10/05,81,79,1817245
2005,NL,SDN,SAN02,07/04/05,02/10/05,81,81,2869787
2005,AL,SEA,SEA03,04/04/05,02/10/05,81,81,2724859
2005,NL,SFN,SFO03,05/04/05,02/10/05,81,81,3181020
2005,NL,SLN,STL09,08/04/05,02/10/05,81,81,3542271
2005,AL,TBA,STP01,04/04/05,02/10/05,81,81,1141915
2005,AL,TEX,ARL02,11/04/05,02/10/05,81,80,2525259
2005,AL,TOR,TOR02,08/04/05,02/10/05,81,81,2014995
2005,NL,WAS,WAS10,14/04/05,02/10/05,81,81,2730352
2006,AL,LAA,ANA01,07/04/06,01/10/06,81,81,3406790
2006,NL,ARI,PHO01,11/04/06,01/10/06,81,81,2091005
2006,NL,ATL,ATL02,10/04/06,01/10/06,81,80,2549524
2006,AL,BAL,BAL12,03/04/06,24/09/06,81,81,2153150
2006,AL,BOS,BOS07,11/04/06,01/10/06,81,81,2930768
2006,AL,CHA,CHI12,02/04/06,24/09/06,81,81,2957414
2006,NL,CHN,CHI11,07/04/06,01/10/06,81,80,3123215
2006,NL,CIN,CIN09,03/04/06,25/09/06,81,81,2134472
2006,AL,CLE,CLE08,07/04/06,01/10/06,81,81,1998070
2006,NL,COL,DEN02,03/04/06,28/09/06,81,81,2104560
2006,AL,DET,DET05,10/04/06,01/10/06,81,81,2595937
2006,NL,FLO,MIA01,11/04/06,01/10/06,81,81,1165120
2006,NL,HOU,HOU03,03/04/06,24/09/06,81,81,3022763
2006,AL,KCA,KAN06,03/04/06,24/09/06,81,80,1372684
2006,NL,LAN,LOS03,03/04/06,24/09/06,81,81,3758421
2006,NL,MIL,MIL06,03/04/06,24/09/06,81,81,2335643
2006,AL,MIN,MIN03,11/04/06,01/10/06,81,81,2285018
2006,AL,NYA,NYC16,11/04/06,01/10/06,81,81,4247980
2006,NL,NYN,NYC17,03/04/06,25/09/06,81,78,3372045
2006,AL,OAK,OAK01,03/04/06,24/09/06,81,81,1976625
2006,NL,PHI,PHI13,03/04/06,25/09/06,81,79,2701815
2006,NL,PIT,PIT08,10/04/06,01/10/06,81,80,1861549
2006,NL,SDN,SAN02,03/04/06,24/09/06,81,81,2659732
2006,AL,SEA,SEA03,03/04/06,01/10/06,81,81,2480717
2006,NL,SFN,SFO03,06/04/06,01/10/06,81,81,3130304
2006,NL,SLN,STL10,10/04/06,01/10/06,80,80,3407104
2006,AL,TBA,STP01,10/04/06,25/09/06,81,81,1369031
2006,AL,TEX,ARL02,03/04/06,24/09/06,81,81,2388757
2006,AL,TOR,TOR02,04/04/06,25/09/06,81,81,2302182
2006,NL,WAS,WAS10,11/04/06,01/10/06,81,81,2153080
2007,AL,LAA,ANA01,02/04/07,23/09/07,81,81,3365632
2007,NL,ARI,PHO01,09/04/07,23/09/07,81,81,2316507
2007,NL,ATL,ATL02,06/04/07,23/09/07,81,81,2745303
2007,AL,BAL,BAL12,09/04/07,30/09/07,81,80,2172487
2007,AL,BOS,BOS07,10/04/07,30/09/07,81,81,2970755
2007,AL,CHA,CHI12,02/04/07,30/09/07,81,81,2684395
2007,NL,CHN,CHI11,09/04/07,23/09/07,81,81,3252462
2007,NL,CIN,CIN09,02/04/07,30/09/07,81,81,2058593
2007,AL,CLE,CLE08,13/04/07,23/09/07,77,77,2223415
2007,AL,CLE,MIL06,10/04/07,12/04/07,3,3,52496
2007,NL,COL,DEN02,02/04/07,01/10/07,82,82,2376250
2007,AL,DET,DET05,02/04/07,26/09/07,81,81,3047124
2007,NL,FLO,MIA01,06/04/07,27/09/07,81,81,1370511
2007,NL,HOU,HOU03,02/04/07,30/09/07,81,81,3020405
2007,AL,KCA,KAN06,02/04/07,30/09/07,81,81,1616867
2007,NL,LAN,LOS03,09/04/07,30/09/07,81,81,3856753
2007,NL,MIL,MIL06,02/04/07,30/09/07,81,81,2869144
2007,AL,MIN,MIN03,02/04/07,23/09/07,81,81,2296383
2007,AL,NYA,NYC16,02/04/07,24/09/07,81,81,4271867
2007,NL,NYN,NYC17,09/04/07,30/09/07,81,81,3853955
2007,AL,OAK,OAK01,09/04/07,30/09/07,81,81,1921844
2007,NL,PHI,PHI13,02/04/07,30/09/07,81,81,3108330
2007,NL,PIT,PIT08,09/04/07,30/09/07,81,79,1749142
2007,NL,SDN,SAN02,06/04/07,23/09/07,81,81,2790074
2007,AL,SEA,SEA03,02/04/07,30/09/07,82,81,2672409
2007,NL,SFN,SFO03,03/04/07,26/09/07,81,81,3223202
2007,NL,SLN,STL10,01/04/07,23/09/07,81,81,3552180
2007,AL,TBA,LBV01,15/05/07,17/05/07,3,3,26917
2007,AL,TBA,STP01,06/04/07,27/09/07,78,78,1362189
2007,AL,TEX,ARL02,06/04/07,26/09/07,81,79,2353862
2007,AL,TOR,TOR02,09/04/07,30/09/07,81,81,2360648
2007,NL,WAS,WAS10,02/04/07,23/09/07,81,81,1961579
2008,AL,LAA,ANA01,04/04/08,28/09/08,81,81,3336747
2008,NL,ARI,PHO01,07/04/08,28/09/08,81,81,2509924
2008,NL,ATL,ATL02,31/03/08,21/09/08,81,81,2532834
2008,AL,BAL,BAL12,31/03/08,28/09/08,80,78,1950075
2008,AL,BOS,BOS07,08/04/08,28/09/08,81,81,3048250
2008,AL,CHA,CHI12,07/04/08,30/09/08,82,81,2501103
2008,NL,CHN,CHI11,31/03/08,21/09/08,81,81,3299840
2008,NL,CIN,CIN09,31/03/08,22/09/08,81,81,2058632
2008,AL,CLE,CLE08,31/03/08,21/09/08,81,80,2169760
2008,NL,COL,DEN02,04/04/08,21/09/08,81,80,2650218
2008,AL,DET,DET05,31/03/08,28/09/08,81,81,3202654
2008,NL,FLO,MIA01,31/03/08,21/09/08,81,80,1335076
2008,NL,HOU,HOU03,07/04/08,28/09/08,78,78,2740888
2008,NL,HOU,MIL06,14/09/08,15/09/08,2,2,38599
2008,AL,KCA,KAN06,08/04/08,21/09/08,81,79,1578922
2008,NL,LAN,LOS03,31/03/08,25/09/08,81,81,3730553
2008,NL,MIL,MIL06,04/04/08,28/09/08,81,81,3068908
2008,AL,MIN,MIN03,31/03/08,28/09/08,81,81,2302431
2008,AL,NYA,NYC16,01/04/08,21/09/08,81,81,4298655
2008,NL,NYN,NYC17,08/04/08,28/09/08,81,79,4042047
2008,AL,OAK,OAK01,01/04/08,21/09/08,79,79,1575899
2008,AL,OAK,TOK01,25/03/08,26/03/08,2,2,89363
2008,NL,PHI,PHI13,31/03/08,28/09/08,81,81,3422583
2008,NL,PIT,PIT08,07/04/08,21/09/08,81,80,1609076
2008,NL,SDN,SAN02,31/03/08,28/09/08,81,81,2427535
2008,AL,SEA,SEA03,31/03/08,28/09/08,81,81,2329702
2008,NL,SFN,SFO03,07/04/08,28/09/08,81,81,2863837
2008,NL,SLN,STL10,01/04/08,28/09/08,81,81,3430403
2008,AL,TBA,LBV01,22/04/08,24/04/08,3,3,26798
2008,AL,TBA,STP01,08/04/08,21/09/08,78,78,1785188
2008,AL,TEX,ARL02,08/04/08,24/09/08,81,80,1945677
2008,AL,TOR,TOR02,04/04/08,25/09/08,81,81,2399786
2008,NL,WAS,WAS11,30/03/08,24/09/08,80,80,2320400
2009,AL,LAA,ANA01,06/04/09,01/10/09,81,81,3240386
2009,NL,ARI,PHO01,06/04/09,27/09/09,81,81,2129183
2009,NL,ATL,ATL02,10/04/09,04/10/09,81,81,2373631
2009,AL,BAL,BAL12,06/04/09,04/10/09,81,81,1907163
2009,AL,BOS,BOS07,07/04/09,04/10/09,81,81,3062699
2009,AL,CHA,CHI12,07/04/09,27/09/09,81,80,2284163
2009,NL,CHN,CHI11,13/04/09,04/10/09,80,80,3168859
2009,NL,CIN,CIN09,06/04/09,04/10/09,81,81,1747919
2009,AL,CLE,CLE08,10/04/09,30/09/09,81,79,1766242
2009,NL,COL,DEN02,10/04/09,01/10/09,81,81,2665080
2009,AL,DET,DET05,10/04/09,04/10/09,81,81,2567192
2009,NL,FLO,MIA01,06/04/09,27/09/09,81,78,1464109
2009,NL,HOU,HOU03,06/04/09,27/09/09,81,81,2521081
2009,AL,KCA,KAN06,10/04/09,27/09/09,81,80,1799686
2009,NL,LAN,LOS03,13/04/09,04/10/09,81,81,3761669
2009,NL,MIL,MIL06,10/04/09,27/09/09,81,81,3037451
2009,AL,MIN,MIN03,06/04/09,06/10/09,82,82,2416237
2009,AL,NYA,NYC21,16/04/09,30/09/09,81,81,3719358
2009,NL,NYN,NYC20,13/04/09,04/10/09,81,81,3154270
2009,AL,OAK,OAK01,10/04/09,04/10/09,81,81,1408783
2009,NL,PHI,PHI13,05/04/09,04/10/09,81,81,3600693
2009,NL,PIT,PIT08,13/04/09,28/09/09,81,81,1577853
2009,NL,SDN,SAN02,06/04/09,04/10/09,81,81,1922603
2009,AL,SEA,SEA03,14/04/09,04/10/09,81,81,2195128
2009,NL,SFN,SFO03,07/04/09,01/10/09,81,81,2861111
2009,NL,SLN,STL10,06/04/09,04/10/09,81,81,3343252
2009,AL,TBA,STP01,13/04/09,04/10/09,81,81,1874962
2009,AL,TEX,ARL02,06/04/09,27/09/09,81,78,2156016
2009,AL,TOR,TOR02,06/04/09,27/09/09,81,81,1876129
2009,NL,WAS,WAS11,13/04/09,30/09/09,81,80,1817280
2010,AL,LAA,ANA01,05/04/10,29/09/10,81,81,3250754
2010,NL,ARI,PHO01,05/04/10,26/09/10,81,81,2057224
2010,NL,ATL,ATL02,05/04/10,03/10/10,81,81,2510121
2010,AL,BAL,BAL12,09/04/10,03/10/10,81,80,1733019
2010,AL,BOS,BOS07,04/04/10,03/10/10,81,81,3046445
2010,AL,CHA,CHI12,05/04/10,03/10/10,81,81,2194378
2010,NL,CHN,CHI11,12/04/10,26/09/10,81,81,3062973
2010,NL,CIN,CIN09,05/04/10,03/10/10,81,81,2060550
2010,AL,CLE,CLE08,12/04/10,29/09/10,81,80,1391644
2010,NL,COL,DEN02,09/04/10,29/09/10,81,80,2875245
2010,AL,DET,DET05,09/04/10,26/09/10,81,81,2461237
2010,NL,FLO,MIA01,09/04/10,03/10/10,78,78,1469216
2010,NL,FLO,SJU01,28/06/10,30/06/10,3,3,55678
2010,NL,HOU,HOU03,05/04/10,03/10/10,81,81,2331490
2010,AL,KCA,KAN06,05/04/10,03/10/10,81,80,1615326
2010,NL,LAN,LOS03,13/04/10,03/10/10,81,81,3562318
2010,NL,MIL,MIL06,05/04/10,26/09/10,81,81,2776531
2010,AL,MIN,MIN04,12/04/10,03/10/10,81,81,3223640
2010,AL,NYA,NYC21,13/04/10,26/09/10,81,81,3765807
2010,NL,NYN,NYC20,05/04/10,03/10/10,81,79,2573077
2010,AL,OAK,OAK01,05/04/10,26/09/10,81,81,1418391
2010,NL,PHI,PHI13,12/04/10,26/09/10,81,81,3647249
2010,NL,PIT,PIT08,05/04/10,26/09/10,81,81,1613399
2010,NL,SDN,SAN02,12/04/10,30/09/10,81,81,2131774
2010,AL,SEA,SEA03,12/04/10,03/10/10,81,81,2085168
2010,NL,SFN,SFO03,09/04/10,03/10/10,81,81,3037267
2010,NL,SLN,STL10,12/04/10,03/10/10,81,81,3301218
2010,AL,TBA,STP01,06/04/10,29/09/10,81,81,1865002
2010,AL,TEX,ARL02,05/04/10,03/10/10,81,81,2505171
2010,AL,TOR,PHI13,25/06/10,27/06/10,3,3,130073
2010,AL,TOR,TOR02,12/04/10,29/09/10,78,78,1495482
2010,NL,WAS,WAS11,05/04/10,29/09/10,81,81,1828065
2011,AL,LAA,ANA01,08/04/11,28/09/11,81,81,3166321
2011,NL,ARI,PHO01,08/04/11,28/09/11,81,81,2105432
2011,NL,ATL,ATL02,08/04/11,28/09/11,81,79,2372940
2011,AL,BAL,BAL12,04/04/11,28/09/11,81,80,1755461
2011,AL,BOS,BOS07,08/04/11,21/09/11,81,81,3054001
2011,AL,CHA,CHI12,07/04/11,28/09/11,81,81,2001117
2011,NL,CHN,CHI11,01/04/11,21/09/11,81,81,3017966
2011,NL,CIN,CIN09,31/03/11,21/09/11,81,81,2213588
2011,AL,CLE,CLE08,01/04/11,25/09/11,81,81,1840835
2011,NL,COL,DEN02,01/04/11,21/09/11,81,81,2909777
2011,AL,DET,DET05,08/04/11,28/09/11,81,81,2642045
2011,NL,FLO,MIA01,01/04/11,28/09/11,78,77,1477462
2011,NL,FLO,SEA03,24/06/11,26/06/11,3,3,43100
2011,NL,HOU,HOU03,08/04/11,28/09/11,81,81,2067016
2011,AL,KCA,KAN06,31/03/11,21/09/11,81,81,1724450
2011,NL,LAN,LOS03,31/03/11,22/09/11,81,81,2935139
2011,NL,MIL,MIL06,04/04/11,28/09/11,81,81,3071373
2011,AL,MIN,MIN04,08/04/11,28/09/11,81,81,3168116
2011,AL,NYA,NYC21,31/03/11,25/09/11,81,81,3653680
2011,NL,NYN,NYC20,08/04/11,28/09/11,81,78,2352596
2011,AL,OAK,OAK01,01/04/11,22/09/11,81,80,1476791
2011,NL,PHI,PHI13,01/04/11,22/09/11,81,81,3680718
2011,NL,PIT,PIT08,07/04/11,25/09/11,81,80,1940429
2011,NL,SDN,SAN02,05/04/11,28/09/11,81,81,2143018
2011,AL,SEA,SEA03,08/04/11,28/09/11,81,81,1896321
2011,NL,SFN,SFO03,08/04/11,28/09/11,81,81,3387303
2011,NL,SLN,STL10,31/03/11,25/09/11,81,81,3093954
2011,AL,TBA,STP01,01/04/11,28/09/11,81,81,1529188
2011,AL,TEX,ARL02,01/04/11,25/09/11,81,81,2946949
2011,AL,TOR,TOR02,01/04/11,22/09/11,81,81,1818103
2011,NL,WAS,WAS11,31/03/11,25/09/11,80,78,1940478
2012,AL,LAA,ANA01,06/04/12,27/09/12,81,81,3061770
2012,NL,ARI,PHO01,06/04/12,03/10/12,81,81,2177617
2012,NL,ATL,ATL02,13/04/12,30/09/12,81,81,2420171
2012,AL,BAL,BAL12,06/04/12,30/09/12,81,79,2102240
2012,AL,BOS,BOS07,13/04/12,26/09/12,81,81,3043003
2012,AL,CHA,CHI12,13/04/12,30/09/12,81,81,1965955
2012,NL,CHN,CHI11,05/04/12,03/10/12,81,81,2882756
2012,NL,CIN,CIN09,05/04/12,27/09/12,81,81,2347251
2012,AL,CLE,CLE08,05/04/12,03/10/12,81,81,1603596
2012,NL,COL,DEN02,09/04/12,27/09/12,81,81,2630458
2012,AL,DET,DET05,05/04/12,27/09/12,81,81,3028033
2012,NL,HOU,HOU03,06/04/12,26/09/12,81,81,1607733
2012,AL,KCA,KAN06,13/04/12,03/10/12,81,80,1739859
2012,NL,LAN,LOS03,10/04/12,03/10/12,81,81,3324246
2012,NL,MIA,MIA02,04/04/12,03/10/12,81,81,2219444
2012,NL,MIL,MIL06,06/04/12,03/10/12,81,81,2831385
2012,AL,MIN,MIN04,09/04/12,30/09/12,81,81,2776354
2012,AL,NYA,NYC21,13/04/12,03/10/12,81,81,3542406
2012,NL,NYN,NYC20,05/04/12,27/09/12,81,80,2242803
2012,AL,OAK,OAK01,06/04/12,03/10/12,79,79,1591395
2012,AL,OAK,TOK01,28/03/12,29/03/12,2,2,87618
2012,NL,PHI,PHI13,09/04/12,27/09/12,81,81,3565718
2012,NL,PIT,PIT08,05/04/12,03/10/12,81,80,2091918
2012,NL,SDN,SAN02,05/04/12,30/09/12,81,81,2123721
2012,AL,SEA,SEA03,13/04/12,03/10/12,81,81,1721920
2012,NL,SFN,SFO03,13/04/12,27/09/12,81,81,3377371
2012,NL,SLN,STL10,13/04/12,03/10/12,81,81,3262109
2012,AL,TBA,STP01,06/04/12,03/10/12,81,81,1559681
2012,AL,TEX,ARL02,06/04/12,30/09/12,81,81,3460280
2012,AL,TOR,TOR02,09/04/12,03/10/12,81,81,2099663
2012,NL,WAS,WAS11,12/04/12,03/10/12,81,79,2370794
2013,AL,LAA,ANA01,09/04/13,25/09/13,81,81,3019505
2013,NL,ARI,PHO01,01/04/13,29/09/13,81,81,2134895
2013,NL,ATL,ATL02,01/04/13,29/09/13,81,81,2548679
2013,AL,BAL,BAL12,05/04/13,29/09/13,81,81,2357561
2013,AL,BOS,BOS07,08/04/13,22/09/13,81,81,2833333
2013,AL,CHA,CHI12,01/04/13,29/09/13,81,80,1768413
2013,NL,CHN,CHI11,08/04/13,25/09/13,81,81,2642682
2013,NL,CIN,CIN09,01/04/13,29/09/13,80,80,2492101
2013,NL,CIN,SFO03,23/07/13,23/07/13,1,1,42310
2013,AL,CLE,CLE08,08/04/13,25/09/13,81,80,1572926
2013,NL,COL,DEN02,05/04/13,25/09/13,81,81,2793828
2013,AL,DET,DET05,05/04/13,22/09/13,81,81,3083397
2013,AL,HOU,HOU03,31/03/13,29/09/13,81,81,1651883
2013,AL,KCA,KAN06,08/04/13,22/09/13,81,81,1750754
2013,NL,LAN,LOS03,01/04/13,29/09/13,81,81,3743527
2013,NL,MIA,MIA02,08/04/13,29/09/13,81,81,1586322
2013,NL,MIL,MIL06,01/04/13,22/09/13,81,81,2531105
2013,AL,MIN,MIN04,01/04/13,29/09/13,81,81,2477644
2013,AL,NYA,NYC21,01/04/13,26/09/13,81,81,3279589
2013,NL,NYN,NYC20,01/04/13,29/09/13,81,80,2135657
2013,AL,OAK,OAK01,01/04/13,22/09/13,81,81,1809302
2013,NL,PHI,PHI13,05/04/13,22/09/13,81,81,3012403
2013,NL,PIT,PIT08,01/04/13,22/09/13,81,80,2256862
2013,NL,SDN,SAN02,09/04/13,26/09/13,81,81,2166691
2013,AL,SEA,SEA03,08/04/13,29/09/13,81,81,1761546
2013,NL,SFN,SFO03,05/04/13,29/09/13,81,80,3326796
2013,NL,SLN,STL10,08/04/13,29/09/13,81,81,3369769
2013,AL,TBA,STP01,02/04/13,23/09/13,81,81,1510300
2013,AL,TEX,ARL02,05/04/13,30/09/13,82,82,3178273
2013,AL,TOR,TOR02,02/04/13,29/09/13,81,81,2536562
2013,NL,WAS,WAS11,01/04/13,22/09/13,81,81,2652422
2014,AL,LAA,ANA01,31/03/14,21/09/14,81,81,3095935
2014,NL,ARI,PHO01,31/03/14,28/09/14,79,79,1997385
2014,NL,ARI,SYD01,22/03/14,23/03/14,2,2,76345
2014,NL,ATL,ATL02,08/04/14,25/09/14,81,81,2354305
2014,AL,BAL,BAL12,31/03/14,21/09/14,81,80,2464473
2014,AL,BOS,BOS07,04/04/14,28/09/14,81,81,2956089
2014,AL,CHA,CHI12,31/03/14,28/09/14,81,79,1650821
2014,NL,CHN,CHI11,04/04/14,24/09/14,81,81,2652113
2014,NL,CIN,CIN09,31/03/14,28/09/14,81,81,2476664
2014,AL,CLE,CLE08,04/04/14,28/09/14,81,78,1437393
2014,NL,COL,DEN02,04/04/14,21/09/14,81,81,2680329
2014,AL,DET,DET05,31/03/14,28/09/14,81,81,2917209
2014,AL,HOU,HOU03,01/04/14,21/09/14,81,81,1751829
2014,AL,KCA,KAN06,04/04/14,21/09/14,81,81,1956482
2014,NL,LAN,LOS03,04/04/14,28/09/14,81,81,3782337
2014,NL,MIA,MIA02,31/03/14,25/09/14,81,81,1732283
2014,NL,MIL,MIL06,31/03/14,28/09/14,81,81,2797384
2014,AL,MIN,MIN04,07/04/14,24/09/14,81,81,2250606
2014,AL,NYA,NYC21,07/04/14,25/09/14,81,80,3401624
2014,NL,NYN,NYC20,31/03/14,28/09/14,81,80,2148808
2014,AL,OAK,OAK01,31/03/14,24/09/14,81,80,2003628
2014,NL,PHI,PHI13,08/04/14,28/09/14,81,81,2423852
2014,NL,PIT,PIT08,31/03/14,21/09/14,81,81,2442564
2014,NL,SDN,SAN02,30/03/14,24/09/14,81,81,2195373
2014,AL,SEA,SEA03,08/04/14,28/09/14,81,81,2064334
2014,NL,SFN,SFO03,08/04/14,28/09/14,81,81,3368697
2014,NL,SLN,STL10,07/04/14,21/09/14,81,81,3540649
2014,AL,TBA,STP01,31/03/14,21/09/14,81,81,1446464
2014,AL,TEX,ARL02,31/03/14,28/09/14,81,81,2718733
2014,AL,TOR,TOR02,04/04/14,28/09/14,81,81,2375525
2014,NL,WAS,WAS11,04/04/14,28/09/14,81,81,2579389
2015,AL,LAA,ANA01,10/04/15,30/09/15,81,81,3012765
2015,NL,ARI,PHO01,06/04/15,04/10/15,81,81,2080145
2015,NL,ATL,ATL02,10/04/15,04/10/15,81,80,2001392
2015,AL,BAL,BAL12,10/04/15,04/10/15,78,75,2281202
2015,AL,BAL,STP01,01/05/15,03/05/15,3,3,39386
2015,AL,BOS,BOS07,13/04/15,27/09/15,81,81,2880694
2015,AL,CHA,CHI12,10/04/15,04/10/15,81,80,1755810
2015,NL,CHN,CHI11,05/04/15,28/09/15,81,80,2919122
2015,NL,CIN,CIN09,06/04/15,01/10/15,81,81,2419506
2015,AL,CLE,CLE08,10/04/15,04/10/15,80,78,1388905
2015,NL,COL,DEN02,10/04/15,27/09/15,81,80,2506789
2015,AL,DET,DET05,06/04/15,27/09/15,81,81,2726048
2015,AL,HOU,HOU03,06/04/15,27/09/15,81,81,2153585
2015,AL,KCA,KAN06,06/04/15,27/09/15,81,81,2708549
2015,NL,LAN,LOS03,06/04/15,04/10/15,81,81,3764815
2015,NL,MIA,MIA02,06/04/15,27/09/15,81,81,1752235
2015,NL,MIL,MIL06,06/04/15,04/10/15,81,81,2542558
2015,AL,MIN,MIN04,13/04/15,04/10/15,81,81,2220054
2015,AL,NYA,NYC21,06/04/15,01/10/15,81,80,3193795
2015,NL,NYN,NYC20,13/04/15,04/10/15,81,81,2569753
2015,AL,OAK,OAK01,06/04/15,27/09/15,81,81,1768175
2015,NL,PHI,PHI13,06/04/15,04/10/15,81,78,1831080
2015,NL,PIT,PIT08,13/04/15,04/10/15,81,81,2498596
2015,NL,SDN,SAN02,09/04/15,01/10/15,81,81,2459752
2015,AL,SEA,SEA03,06/04/15,04/10/15,81,81,2193581
2015,NL,SFN,SFO03,13/04/15,04/10/15,81,81,3375882
2015,NL,SLN,STL10,13/04/15,27/09/15,81,81,3520889
2015,AL,TBA,STP01,06/04/15,04/10/15,81,81,1247668
2015,AL,TEX,ARL02,10/04/15,04/10/15,81,81,2491875
2015,AL,TOR,TOR02,13/04/15,27/09/15,81,81,2794891
2015,NL,WAS,WAS11,06/04/15,28/09/15,81,81,2619843
2016,AL,LAA,ANA01,04/04/16,02/10/16,81,81,3016142
2016,NL,ARI,PHO01,04/04/16,02/10/16,81,81,2036216
2016,NL,ATL,ATL02,04/04/16,02/10/16,80,80,2008332
2016,NL,ATL,FTB01,03/07/16,03/07/16,1,1,12582
2016,AL,BAL,BAL12,04/04/16,25/09/16,81,81,2172344
2016,AL,BOS,BOS07,11/04/16,02/10/16,81,81,2955434
2016,AL,CHA,CHI12,08/04/16,02/10/16,81,80,1746293
2016,NL,CHN,CHI11,11/04/16,25/09/16,81,81,3232420
2016,NL,CIN,CIN09,04/04/16,02/10/16,81,81,1894085
2016,AL,CLE,CLE08,05/04/16,25/09/16,81,81,1591667
2016,NL,COL,DEN02,08/04/16,02/10/16,81,81,2602524
2016,AL,DET,DET05,08/04/16,28/09/16,80,80,2493859
2016,AL,HOU,HOU03,11/04/16,28/09/16,81,81,2306623
2016,AL,KCA,KAN06,03/04/16,02/10/16,81,81,2557712
2016,NL,LAN,LOS03,12/04/16,25/09/16,81,81,3703312
2016,NL,MIA,MIA02,05/04/16,28/09/16,80,80,1712417
2016,NL,MIL,MIL06,04/04/16,25/09/16,81,81,2315244
2016,AL,MIN,MIN04,11/04/16,25/09/16,81,81,1963912
2016,AL,NYA,NYC21,05/04/16,02/10/16,81,81,3063405
2016,NL,NYN,NYC20,08/04/16,25/09/16,81,80,2789602
2016,AL,OAK,OAK01,04/04/16,25/09/16,81,81,1521506
2016,NL,PHI,PHI13,11/04/16,02/10/16,81,81,1915144
2016,NL,PIT,PIT08,03/04/16,29/09/16,81,80,2249201
2016,NL,SDN,SAN02,04/04/16,29/09/16,81,81,2351422
2016,AL,SEA,SEA03,08/04/16,02/10/16,81,81,2267928
2016,NL,SFN,SFO03,07/04/16,02/10/16,81,81,3365256
2016,NL,SLN,STL10,11/04/16,02/10/16,81,81,3444490
2016,AL,TBA,STP01,03/04/16,25/09/16,81,81,1286163
2016,AL,TEX,ARL02,04/04/16,02/10/16,81,81,2710402
2016,AL,TOR,TOR02,08/04/16,29/09/16,81,81,3392099
2016,NL,WAS,WAS11,07/04/16,02/10/16,81,81,2481938